URL_Scrapped,Website_Address,Full_Address,Street_Number,Street_Name,Zipcode,State,City,County,Latitude,Longitude,Beds,Bath,Price,Available,Note,Timestamp
http://www.pma-rentals.com/rental_listings,"3810 Sweeten Creek, Arden, NC 28704","Sweeten Creek Rd, Arden, NC, United States of America",,Sweeten Creek Rd,,North Carolina,Arden,,35.472276,-82.514671,3,,"$2,300 ",11/1/2024,Data updated successfully,10/24/2024 19:18
http://www.pma-rentals.com/rental_listings,"1305 Pisgah Hwy, Candler, NC 28715","Pisgah Highway, Candler, Buncombe County, NC 28715, United States of America",,Pisgah Highway,28715,North Carolina,Candler,Buncombe County,35.536878,-82.6866991,3,,"$2,800 ",NOW,Data updated successfully,10/24/2024 19:18
http://www.pma-rentals.com/rental_listings,"15 Oakcrest Place, Asheville, NC 28806","15 Oakcrest Place, Asheville, NC 28806, United States of America",15.0,Oakcrest Place,28806,North Carolina,Asheville,Buncombe County,35.5778982,-82.6184134,3,,"$1,750 ",10/31/2024,Data updated successfully,10/24/2024 19:18
http://www.pma-rentals.com/rental_listings,"26 Oakcrest Pl., Asheville, NC 28806","26 Oakcrest Place, Asheville, NC 28806, United States of America",26.0,Oakcrest Place,28806,North Carolina,Asheville,Buncombe County,35.5774709,-82.618957,3,,"$1,950 ",NOW,Data updated successfully,10/24/2024 19:18
http://www.pma-rentals.com/rental_listings,"33 Enka Orchard St., Candler, NC 28715","Orchard St, Candler, NC, United States of America",,Orchard St,,North Carolina,Candler,,35.545608,-82.681508,2,,"$2,000 ",NOW,Data updated successfully,10/24/2024 19:18
http://www.pma-rentals.com/rental_listings,"6 Cottage St, Asheville, NC 28804","6 Cottage St, Asheville, NC, United States of America",6.0,Cottage St,,North Carolina,Asheville,,35.63307,-82.582009,2,,"$1,650 ",NOW,Data updated successfully,10/24/2024 19:18
https://www.houseinorderpm.com/homes-for-rent,"50 Crestmont Ave. Asheville, NC 28806","50 Crestmont Avenue, Asheville, NC 28806, United States of America",50.0,Crestmont Avenue,28806,North Carolina,Asheville,Buncombe County,35.5754231,-82.5713955,2,,"$3,400 ",Now,Data processed successfully,10/24/2024 19:17
https://www.houseinorderpm.com/homes-for-rent,"46 Garden Circle Asheville, NC 28806","46 Garden Circle, Asheville, NC 28806, United States of America",46.0,Garden Circle,28806,North Carolina,Asheville,Buncombe County,35.5753239,-82.5732231,4,,"$2,500 ",Now,Data processed successfully,10/24/2024 19:17
https://www.houseinorderpm.com/homes-for-rent,"358 London Road Asheville, NC 28803","London Road, Asheville, NC 28803, United States of America",,London Road,28803,North Carolina,Asheville,Buncombe County,35.5586749,-82.5335433,3,,$925 ,Now,Data processed successfully,10/24/2024 19:17
https://www.houseinorderpm.com/homes-for-rent,"1 Katra Lane Asheville, NC 28805","1 Katra Ln, Asheville, NC, United States of America",1.0,Katra Ln,,North Carolina,Asheville,,35.616968,-82.478006,1,,"$1,425 ",11/1/2024,Data processed successfully,10/24/2024 19:17
https://www.houseinorderpm.com/homes-for-rent,"38 Lone Coyote Ridge Unit A Fletcher, NC 28732","38 Lone Coyote Ridge, Fletcher, NC, United States of America",38.0,Lone Coyote Ridge,,North Carolina,Fletcher,,35.519673,-82.435008,2,,"$2,600 ",11/1/2024,Data processed successfully,10/24/2024 19:17
https://www.houseinorderpm.com/homes-for-rent,"135 Broad St. Unit 2 Asheville, NC 28801","135 Broad Street, Asheville, NC 28801, United States of America",135.0,Broad Street,28801,North Carolina,Asheville,Buncombe County,35.6040593,-82.5474166,1,,"$2,400 ",Now,Data processed successfully,10/24/2024 19:17
https://www.houseinorderpm.com/homes-for-rent,"135 Broad St. Unit 3 Asheville, NC 28801","135 Broad Street, Asheville, NC 28801, United States of America",135.0,Broad Street,28801,North Carolina,Asheville,Buncombe County,35.6040593,-82.5474166,1,,"$1,795 ",Now,Data processed successfully,10/24/2024 19:17
https://www.houseinorderpm.com/homes-for-rent,"46 Spicewood Rd. Unit B Weaverville, NC 28787","Spicewood Rd, Weaverville, NC, United States of America",,Spicewood Rd,,North Carolina,Weaverville,,35.704084,-82.600465,2,,"$1,795 ",Now,Data processed successfully,10/24/2024 19:17
https://www.houseinorderpm.com/homes-for-rent,"46 Spicewood Rd. Unit C Weaverville, NC 28787","Spicewood Rd, Weaverville, NC, United States of America",,Spicewood Rd,,North Carolina,Weaverville,,35.704084,-82.600465,2,,"$2,200 ",Now,Data processed successfully,10/24/2024 19:17
https://www.houseinorderpm.com/homes-for-rent,"1020 Baldwin Commons Drive Arden, NC 28704","Baldwin Gap Rd, Arden, NC, United States of America",,Baldwin Gap Rd,,North Carolina,Arden,,35.479099,-82.589687,3,,"$2,400 ",Now,Data processed successfully,10/24/2024 19:17
https://www.houseinorderpm.com/homes-for-rent,"329 Moutain Laurel Asheville, NC 28805","Laurel Ln, Asheville, NC, United States of America",,Laurel Ln,,North Carolina,Asheville,,35.58211,-82.513424,1,,"$1,560 ",Now,Data processed successfully,10/24/2024 19:17
https://www.houseinorderpm.com/homes-for-rent,"223 Williams Rd Fletcher, NC 28732","Williams Rd, Fletcher, NC, United States of America",,Williams Rd,,North Carolina,Fletcher,,35.479519,-82.482222,2,,"$1,200 ",11/5/2024,Data processed successfully,10/24/2024 19:17
https://www.houseinorderpm.com/homes-for-rent,"114 Shamrock Park Drive Landrum, SC 29356","114 Shamrock Park Drive, Landrum, Spartanburg County, SC 29356, United States of America",114.0,Shamrock Park Drive,29356,South Carolina,Landrum,Spartanburg County,35.1620725,-82.176161,3,,"$1,750 ",Now,Data processed successfully,10/24/2024 19:17
https://www.houseinorderpm.com/homes-for-rent,"7 Sirenas Way Unit A Fletcher, NC 28732","Fletcher, North Carolina, United States of America",,,,North Carolina,Fletcher,,35.43067,-82.50123,2,,"$1,725 ",Now,Data processed successfully,10/24/2024 19:17
https://www.houseinorderpm.com/homes-for-rent,"28 Edgemont Rd Unit 12 Asheville, NC 28801","28 Edgemont Road, Asheville, NC 28801, United States of America",28.0,Edgemont Road,28801,North Carolina,Asheville,Buncombe County,35.6130277,-82.5446201,2,,"$1,825 ",Now,Data processed successfully,10/24/2024 19:17
https://www.houseinorderpm.com/homes-for-rent,"30 Edgemont Rd Unit 24 Asheville, NC 28801","30 Edgemont Road, Asheville, NC 28801, United States of America",30.0,Edgemont Road,28801,North Carolina,Asheville,Buncombe County,35.6130567,-82.5445597,3,,"$1,425 ",Now,Data processed successfully,10/24/2024 19:17
https://www.houseinorderpm.com/homes-for-rent,"1451 Dana Rd Hendersonville, NC 28792","Dana Road, Hendersonville, NC 28792, United States of America",,Dana Road,28792,North Carolina,Hendersonville,Henderson County,35.328578,-82.439891,2,,"$2,300 ",Now,Data processed successfully,10/24/2024 19:17
https://www.houseinorderpm.com/homes-for-rent,"131 W Chestnut St Unit B Asheville, NC 28801","West Chestnut Street, Asheville, NC 28801, United States of America",,West Chestnut Street,28801,North Carolina,Asheville,Buncombe County,35.6016246,-82.5606639,2,,"$1,400 ",Now,Data processed successfully,10/24/2024 19:17
https://www.houseinorderpm.com/homes-for-rent,"9 Kenilworth Knolls Unit 217 Asheville, NC 28805","Kenilworth Knoll, Asheville, NC, United States of America",,Kenilworth Knoll,,North Carolina,Asheville,,35.589669,-82.529713,1,,$850 ,Now,Data processed successfully,10/24/2024 19:17
https://www.houseinorderpm.com/homes-for-rent,"26 Edgemont Rd. Asheville, NC 28801","26 Edgemont Road, Asheville, NC 28801, United States of America",26.0,Edgemont Road,28801,North Carolina,Asheville,Buncombe County,35.6129987,-82.5446805,4,,,Now,Data processed successfully,10/24/2024 19:17
https://www.leslieandassoc.com/apartments,8202 Terra Drive,"8202 Terra Drive, Buncombe County, NC 28704, United States of America",8202.0,Terra Drive,28704,North Carolina,,Buncombe County,35.4855821,-82.4946166,3 BR,,"$1,395.00 ",,Data processed successfully,10/24/2024 19:16
https://www.leslieandassoc.com/apartments,30 Clairmont Avenue,"30 Clairmont Avenue, Norwich, CT 06360, United States of America",30.0,Clairmont Avenue,06360,Connecticut,Norwich,Southeastern Connecticut Planning Region,41.5278687,-72.0703204,3 BR,,"$1,395.00 ",,Data updated successfully,10/24/2024 19:16
https://www.leslieandassoc.com/apartments,85 Merrimon Avenue,"85 Merrimon Avenue, Asheville, NC 28801, United States of America",85.0,Merrimon Avenue,28801,North Carolina,Asheville,Buncombe County,35.6020205,-82.5531854,Studio,,$850.00 ,,Data updated successfully,10/24/2024 19:16
https://www.leslieandassoc.com/apartments,68 N French Broad Ave #1H,"North French Broad Avenue, Asheville, NC 28801, United States of America",,North French Broad Avenue,28801,North Carolina,Asheville,Buncombe County,35.5948882,-82.5586229,2 BR,,"$1,395.00 ",,Data updated successfully,10/24/2024 19:16
https://www.leslieandassoc.com/apartments,56 South Lexington Ave,"56 South Lexington Avenue, Moore Hill, Knox County, KY 40701, United States of America",56.0,South Lexington Avenue,40701,Kentucky,,Knox County,36.9361915,-84.0805432,1 BR,,"$1,295.00 ",,Data updated successfully,10/24/2024 19:16
https://www.leslieandassoc.com/apartments,453 Kenilworth Road Apt D,,,,,,,,,,2 BR,,"$1,245.00 ",,Data updated successfully,10/24/2024 19:16
https://www.leslieandassoc.com/apartments,85 Merrimon Ave Unit 1,"Aeugst am Albis, Bezirk Affoltern, Switzerland",,,,Zurich,,Bezirk Affoltern,47.27541,8.4897,1 BR,,"$1,095.00 ",,Data updated successfully,10/24/2024 19:16
https://www.leslieandassoc.com/apartments,85 Walnut Street #406,"85 Walnut Street, Wynnum QLD 4178, Australia",85.0,Walnut Street,4178,Queensland,Brisbane City,,-27.4479206,153.1769547,Studio,,"$1,195.00 ",,Data updated successfully,10/24/2024 19:16
https://www.leslieandassoc.com/apartments,100 Coxe Avenue #408,"Coxe Avenue, New Hartford, Town of Whitestown, NY 13492, United States of America",,Coxe Avenue,13492,New York,Town of New Hartford,Oneida County,43.098312,-75.31686,1 BR,,"$1,195.00 ",,Data updated successfully,10/24/2024 19:16
https://www.leslieandassoc.com/apartments,82 Merrimon Avenue 3,"Ilām, Mechī Zone, Nepal",,,,Eastern Region,,Mechī Zone,26.91667,87.91667,2 BR,,"$1,495.00 ",,Data updated successfully,10/24/2024 19:16
https://www.leslieandassoc.com/apartments,702 Carlyle Way,"Carlyle Way, London, SE28 8GR, United Kingdom",,Carlyle Way,SE28 8GR,England,London,Royal Borough of Greenwich,51.5039717,0.1186573,1 BR,,"$1,245.00 ",,Data updated successfully,10/24/2024 19:16
https://www.leslieandassoc.com/apartments,265 Charlotte St #18,"Charlotte Street, Denver Park, George, 6530, South Africa",,Charlotte Street,6530,,George,,-33.9506227,22.4731104,1 BR,,$975.00 ,,Data updated successfully,10/24/2024 19:16
https://www.leslieandassoc.com/apartments,7 Violet Hills Circle,"Circle, Montana, United States of America",,,,Montana,Circle,McCone County,47.41667,-105.59222,1 BR,,"$1,145.00 ",,Data updated successfully,10/24/2024 19:16
https://www.leslieandassoc.com/apartments,24 Old Chunn’s Cove Rd. #5,"Morang, Kosī Zone, Nepal",,,,Eastern Region,,Kosī Zone,26.66667,87.5,3 BR,,"$1,695.00 ",,Data updated successfully,10/24/2024 19:16
https://www.leslieandassoc.com/apartments,68 N French Broad Ave #3C,"North French Broad Avenue, Asheville, NC 28801, United States of America",,North French Broad Avenue,28801,North Carolina,Asheville,Buncombe County,35.5948882,-82.5586229,3 BR,,"$1,995.00 ",,Data updated successfully,10/24/2024 19:16
https://www.leslieandassoc.com/apartments,265 Charlotte Street 10,"Charlotte Street, Old Toronto, ON M5V 2H5, Canada",,Charlotte Street,M5V 2H5,Ontario,Old Toronto,,43.6466031,-79.393925,3 BR,,"$1,195.00 ",,Data updated successfully,10/24/2024 19:16
https://www.leslieandassoc.com/apartments,1746 Tunnel Road,"1746 Tunnel Road, Beaver Point, Estes Park, CO 80517, United States of America",1746.0,Tunnel Road,80517,Colorado,Estes Park,Larimer County,40.3603405,-105.5553932,2 BR,,"$1,295.00 ",,Data updated successfully,10/24/2024 19:16
https://www.leslieandassoc.com/apartments,Glen-Beale Apartments,,,,,,,,,,2 BR,,"$1,295.00 ",,Data processed successfully,10/24/2024 19:16
https://www.tonsofrentals.com/greenville-homes-for-rent?&sort=amount%7Cdesc,"111 Becky Don Drive, Greer, SC 29651","111 Becky Don Drive, Greer, SC 29651, United States of America",111.0,Becky Don Drive,29651,South Carolina,Greer,Greenville County,34.9542403,-82.2395113,2,,"$1,245/mo.",Immediately,Data processed successfully,10/24/2024 19:14
https://www.tonsofrentals.com/greenville-homes-for-rent?&sort=amount%7Cdesc,"304 Country Gardens Drive, Fountain Inn, SC 29644","304 Country Gardens Drive, Fountain Inn, SC 29644, United States of America",304.0,Country Gardens Drive,29644,South Carolina,Fountain Inn,Laurens County,34.7082597,-82.1797432,3,,"$1,595/mo.",Immediately,Data processed successfully,10/24/2024 19:14
https://www.tonsofrentals.com/greenville-homes-for-rent?&sort=amount%7Cdesc,"3 Traynham Street, Greenville, SC 29605","3 Traynham Street, Dreher Colony, Greenville County, SC 29605, United States of America",3.0,Traynham Street,29605,South Carolina,,Greenville County,34.8016082,-82.379317,2,,"$1,100/mo.",Immediately,Data processed successfully,10/24/2024 19:14
https://www.tonsofrentals.com/greenville-homes-for-rent?&sort=amount%7Cdesc,"388 Carney Street, Drayton, SC 29333","388 Carney Street, Drayton, Spartanburg County, SC 29333, United States of America",388.0,Carney Street,29333,South Carolina,,Spartanburg County,34.9718135,-81.9035065,2,,$900/mo.,12/12/2024,Data processed successfully,10/24/2024 19:14
https://www.tonsofrentals.com/greenville-homes-for-rent?&sort=amount%7Cdesc,"10 Traynham Street Unit A, Greenville, SC 29605","10 Traynham Street, Dreher Colony, Greenville County, SC 29605, United States of America",10.0,Traynham Street,29605,South Carolina,,Greenville County,34.8014428,-82.3792334,2,,"$1,100/mo.",Immediately,Data processed successfully,10/24/2024 19:14
https://www.tonsofrentals.com/greenville-homes-for-rent?&sort=amount%7Cdesc,"126 Adger Rd, Pendleton, SC 29670","Adger Road, La France, SC 29670, United States of America",,Adger Road,29670,South Carolina,La France,Anderson County,34.6250376,-82.7836511,3,,"$1,675/mo.",Immediately,Data processed successfully,10/24/2024 19:14
https://www.tonsofrentals.com/greenville-homes-for-rent?&sort=amount%7Cdesc,"108 Bluet Lane, Taylors, SC 29687","Bluet Dr, Gray Court, SC, United States of America",,Bluet Dr,,South Carolina,Gray Court,,34.559278,-82.208894,3,,"$1,650/mo.",Immediately,Data processed successfully,10/24/2024 19:14
https://www.tonsofrentals.com/greenville-homes-for-rent?&sort=amount%7Cdesc,"848 Throckmorton Ct., Greenville, SC 29605","Throckmorton Court, Greenville County, SC 29636, United States of America",,Throckmorton Court,29636,South Carolina,,Greenville County,34.7542662,-82.3544538,4,,"$2,400/mo.",Immediately,Data processed successfully,10/24/2024 19:14
https://www.tonsofrentals.com/greenville-homes-for-rent?&sort=amount%7Cdesc,"224 Spring Street, Arcadia, SC 29320","224 Spring Street, Arcadia, Spartanburg County, SC 29320, United States of America",224.0,Spring Street,29320,South Carolina,,Spartanburg County,34.960653,-81.991016,2,,"$1,100/mo.",Immediately,Data processed successfully,10/24/2024 19:14
https://www.tonsofrentals.com/greenville-homes-for-rent?&sort=amount%7Cdesc,"122 Frances Cannon Drive, Anderson, SC 29621","Frances Cannon Dr, Anderson, SC, United States of America",,Frances Cannon Dr,,South Carolina,Anderson,,34.572849,-82.670676,5,,"$2,595/mo.",12/12/2024,Data processed successfully,10/24/2024 19:14
https://www.tonsofrentals.com/greenville-homes-for-rent?&sort=amount%7Cdesc,"430 Pleasant Valley Rd, Spartanburg, SC 29307","430 Pleasant Valley Road, Spartanburg County, SC 29307, United States of America",430.0,Pleasant Valley Road,29307,South Carolina,,Spartanburg County,35.001273,-81.7911955,3,,"$1,395/mo.",Immediately,Data processed successfully,10/24/2024 19:14
https://www.tonsofrentals.com/greenville-homes-for-rent?&sort=amount%7Cdesc,"205 Carlton Drive, Spartanburg, SC 29306","205 Carlton Drive, Spartanburg, SC 29302, United States of America",205.0,Carlton Drive,29302,South Carolina,Spartanburg,Spartanburg County,34.9260705,-81.9020665,3,,"$1,395/mo.",Immediately,Data processed successfully,10/24/2024 19:14
https://www.tonsofrentals.com/greenville-homes-for-rent?&sort=amount%7Cdesc,"10 Rimmon Trail, Travelers Rest, SC 29690","10 Rimmon Trail, Travelers Rest, SC 29690, United States of America",10.0,Rimmon Trail,29690,South Carolina,Travelers Rest,Greenville County,34.9669373,-82.4377254,2,,"$1,995/mo.",Immediately,Data processed successfully,10/24/2024 19:14
https://www.tonsofrentals.com/greenville-homes-for-rent?&sort=amount%7Cdesc,"88 West Park Drive H, Spartanburg, SC 29306","W Park Dr, Spartanburg, SC, United States of America",,W Park Dr,,South Carolina,Spartanburg,,34.935423,-81.914051,2,,$875/mo.,Immediately,Data processed successfully,10/24/2024 19:14
https://www.tonsofrentals.com/greenville-homes-for-rent?&sort=amount%7Cdesc,"100 East Washington Street #66, Greenville, SC 29601","100 East Washington Street, Greenville, SC 29601, United States of America",100.0,East Washington Street,29601,South Carolina,Greenville,Greenville County,34.8501837,-82.3978999,1,,"$1,695/mo.",11/8/2024,Data processed successfully,10/24/2024 19:14
https://www.tonsofrentals.com/greenville-homes-for-rent?&sort=amount%7Cdesc,"326 S. Spring Street, Spartanburg, SC 29306","326 South Spring Street, Spartanburg, SC 29306, United States of America",326.0,South Spring Street,29306,South Carolina,Spartanburg,Spartanburg County,34.943117,-81.930856,2,,"$1,465/mo.",11/9/2024,Data processed successfully,10/24/2024 19:14
https://www.tonsofrentals.com/greenville-homes-for-rent?&sort=amount%7Cdesc,"328 S. Spring Street, Spartanburg, SC 29306","328 South Spring Street, Spartanburg, SC 29306, United States of America",328.0,South Spring Street,29306,South Carolina,Spartanburg,Spartanburg County,34.9430419,-81.9309966,2,,"$1,465/mo.",11/9/2024,Data processed successfully,10/24/2024 19:14
https://www.tonsofrentals.com/greenville-homes-for-rent?&sort=amount%7Cdesc,"304 Shaw Street, Greenville, SC 29609","304 Shaw Street, Greenville, SC 29609, United States of America",304.0,Shaw Street,29609,South Carolina,Greenville,Greenville County,34.8674884,-82.4069633,2,,"$1,125/mo.",Immediately,Data processed successfully,10/24/2024 19:14
https://www.tonsofrentals.com/greenville-homes-for-rent?&sort=amount%7Cdesc,"84 West Park Drive D, Spartanburg, SC 29306","84 West Park Drive, Spartanburg, SC 29306, United States of America",84.0,West Park Drive,29306,South Carolina,Spartanburg,Spartanburg County,34.9368009,-81.9138145,2,,$875/mo.,Immediately,Data processed successfully,10/24/2024 19:14
https://www.tonsofrentals.com/greenville-homes-for-rent?&sort=amount%7Cdesc,"250 Cedar Ridge, Anderson, SC 29621","250 Cedar Ridge, Highland Acres, Anderson, SC 29621, United States of America",250.0,Cedar Ridge,29621,South Carolina,Anderson,Anderson County,34.5072036,-82.6097315,2,,"$1,000/mo.",Immediately,Data processed successfully,10/24/2024 19:14
https://www.tonsofrentals.com/greenville-homes-for-rent?&sort=amount%7Cdesc,"9 Reedy River Way, Greenville, SC 29605","9 Reedy River Way, Greenville County, SC 29605, United States of America",9.0,Reedy River Way,29605,South Carolina,,Greenville County,34.7376261,-82.327758,3,,"$2,095/mo.",Immediately,Data processed successfully,10/24/2024 19:14
https://www.pattonallenpm.com/for-rent/,"187 Swannanoa Ave Asheville, NC 28806","187 Swannanoa Avenue, Asheville, NC 28806, United States of America",187.0,Swannanoa Avenue,28806,North Carolina,Asheville,Buncombe County,35.5718904,-82.576831,2,,"$2,500 ",Now,Data processed successfully,10/24/2024 19:14
https://www.pattonallenpm.com/for-rent/,"731 Macedonia Rd Asheville, NC 28804-9650","731 Macedonia Rd, Asheville, NC, United States of America",731.0,Macedonia Rd,,North Carolina,Asheville,,35.650303,-82.62746,3,,"$1,350 ",Now,Data processed successfully,10/24/2024 19:14
https://www.pattonallenpm.com/for-rent/,"33 Starnes Ave Apt 3 Asheville, NC 28801","33 Starnes Avenue, Asheville, NC 28801, United States of America",33.0,Starnes Avenue,28801,North Carolina,Asheville,Buncombe County,35.600014,-82.5571439,1,,"$1,325 ",Now,Data processed successfully,10/24/2024 19:14
https://www.pattonallenpm.com/for-rent/,"7 Night Owl Haven Fletcher, NC 28732","Knight St, Robbinsville, NC, United States of America",,Knight St,,North Carolina,Robbinsville,,35.325381,-83.810758,3,,"$2,200 ",12/12/2024,Data processed successfully,10/24/2024 19:14
https://www.pattonallenpm.com/for-rent/,"114.5 Clingman Ave Asheville, NC 28801","Clingman Avenue, Asheville, NC 28801, United States of America",,Clingman Avenue,28801,North Carolina,Asheville,Buncombe County,35.5932306,-82.5624436,1,,"$1,500 ",Now,Data processed successfully,10/24/2024 19:14
https://www.pattonallenpm.com/for-rent/,"11 Jeff Dr Asheville, NC 28806-8858","11 Jeff Drive, Asheville, NC 28806, United States of America",11.0,Jeff Drive,28806,North Carolina,Asheville,Buncombe County,35.5404693,-82.6007071,3,,"$1,450 ",Now,Data processed successfully,10/24/2024 19:14
https://www.pattonallenpm.com/for-rent/,"64 Mildred Ave Unit 1/2 Asheville, NC 28806","64 Mildred Avenue, Asheville, NC 28806, United States of America",64.0,Mildred Avenue,28806,North Carolina,Asheville,Buncombe County,35.5811359,-82.5946201,1,,"$1,200 ",Now,Data processed successfully,10/24/2024 19:14
https://www.pattonallenpm.com/for-rent/,"61 Haywood Rd Asheville, NC 28806","61 Haywood Road, Asheville, NC 28806, United States of America",61.0,Haywood Road,28806,North Carolina,Asheville,Buncombe County,35.5817481,-82.5725234,3,,"$3,200 ",Now,Data processed successfully,10/24/2024 19:14
https://www.pattonallenpm.com/for-rent/,"205 Laurel Ridge Road Asheville, NC 28805","205 Laurel Ridge Rd, Asheville, NC, United States of America",205.0,Laurel Ridge Rd,,North Carolina,Asheville,,35.62871,-82.472821,4,,"$3,200 ",11/1/2024,Data processed successfully,10/24/2024 19:14
https://www.pattonallenpm.com/for-rent/,"61 Sevier St Asheville, NC 28804","61 Sevier Street, Asheville, NC 28804, United States of America",61.0,Sevier Street,28804,North Carolina,Asheville,Buncombe County,35.6153191,-82.562279,3,,"$1,850 ",Now,Data processed successfully,10/24/2024 19:14
https://www.pattonallenpm.com/for-rent/,"77 Conestee St Asheville, NC 28801-1241","77 Conestee Street, Asheville, NC 28801, United States of America",77.0,Conestee Street,28801,North Carolina,Asheville,Buncombe County,35.6122531,-82.5566187,2,,"$1,850 ",Now,Data processed successfully,10/24/2024 19:14
https://www.pattonallenpm.com/for-rent/,"55 S Market Street 414 Asheville, NC 28801","S Market St, Asheville, NC, United States of America",,S Market St,,North Carolina,Asheville,,35.59337,-82.55019,1,,"$2,800 ",Now,Data processed successfully,10/24/2024 19:14
https://www.pattonallenpm.com/for-rent/,"17 Cole St Asheville, NC 28803","17 Cole Street, Asheville, NC 28803, United States of America",17.0,Cole Street,28803,North Carolina,Asheville,Buncombe County,35.5704302,-82.5317202,4,,"$1,425 ",Now,Data processed successfully,10/24/2024 19:14
https://www.pattonallenpm.com/for-rent/,"142.5 Beaverdam Rd Asheville, NC 28804","Beaverdam Road, Grace, Asheville, NC 28804, United States of America",,Beaverdam Road,28804,North Carolina,Asheville,Buncombe County,35.6385154,-82.5426311,2,,"$1,995 ",Now,Data processed successfully,10/24/2024 19:14
https://www.pattonallenpm.com/for-rent/,"20 Rocking Porch Rd Asheville, NC 28805","20 Rocking Porch Road, Dogwood Grove, Asheville, NC 28805, United States of America",20.0,Rocking Porch Road,28805,North Carolina,Asheville,Buncombe County,35.5986453,-82.5170561,3,,"$1,375 ",Now,Data processed successfully,10/24/2024 19:14
https://www.pattonallenpm.com/for-rent/,"43 Ravenscroft Drive # 1 Asheville, NC 28801","43 Ravenscroft Drive, Asheville, NC 28801, United States of America",43.0,Ravenscroft Drive,28801,North Carolina,Asheville,Buncombe County,35.5908169,-82.5537989,2,,"$1,175 ",Now,Data processed successfully,10/24/2024 19:14
https://www.pattonallenpm.com/for-rent/,"37 Skyview Pl #3 Asheville, NC 28804","37 Skyview Place, Asheville, NC 28804, United States of America",37.0,Skyview Place,28804,North Carolina,Asheville,Buncombe County,35.6035348,-82.5416949,Studio,,"$1,250 ",Now,Data processed successfully,10/24/2024 19:14
https://www.pattonallenpm.com/for-rent/,"105 Edwin Pl Apt 5 Asheville, NC 28801-1494","105 Edwin Place, Asheville, NC 28801, United States of America",105.0,Edwin Place,28801,North Carolina,Asheville,Buncombe County,35.611,-82.5493407,1,,"$2,400 ",Now,Data processed successfully,10/24/2024 19:14
https://www.pattonallenpm.com/for-rent/,"432 Riverview Dr Asheville, NC 28806","Riverview Drive, Asheville, NC 28806, United States of America",,Riverview Drive,28806,North Carolina,Asheville,Buncombe County,35.571019,-82.5678798,3,,"$2,200 ",Now,Data processed successfully,10/24/2024 19:14
https://www.pattonallenpm.com/for-rent/,"15 Pinedale Rd Candler, NC 28715","15 Pinedale Rd, Candler, NC, United States of America",15.0,Pinedale Rd,,North Carolina,Candler,,35.561277,-82.652089,3,,"$1,395 ",Now,Data processed successfully,10/24/2024 19:14
https://www.pattonallenpm.com/for-rent/,"37 Skyview Pl #6 Asheville, NC 28804","37 Skyview Place, Asheville, NC 28804, United States of America",37.0,Skyview Place,28804,North Carolina,Asheville,Buncombe County,35.6035348,-82.5416949,1,,"$1,650 ",Now,Data processed successfully,10/24/2024 19:14
https://www.pattonallenpm.com/for-rent/,"116 East Chestnut Street Apt 32 Asheville, NC 28801","East Chestnut Street, Asheville, NC 28801, United States of America",,East Chestnut Street,28801,North Carolina,Asheville,Buncombe County,35.6029058,-82.5452557,2,,"$1,350 ",Now,Data processed successfully,10/24/2024 19:14
https://www.pattonallenpm.com/for-rent/,"1010 Hendersonville Rd Apt 8 Asheville, NC 28803","Hendersonville Road, Asheville, NC 28803, United States of America",,Hendersonville Road,28803,North Carolina,Asheville,Buncombe County,35.5056058,-82.5248708,1,,$960 ,Now,Data processed successfully,10/24/2024 19:14
https://www.pattonallenpm.com/for-rent/,"145 Citadel Drive Apt 149G Cullowhee, NC 28723","Citadel Dr, Cullowhee, NC, United States of America",,Citadel Dr,,North Carolina,Cullowhee,,35.305391,-83.194901,Studio,,"$1,100 ",Now,Data processed successfully,10/24/2024 19:14
https://www.pattonallenpm.com/for-rent/,"93 Citadel Drive Apt 103 Cullowhee, NC 28723","93 Citadel Dr, Cullowhee, NC, United States of America",93.0,Citadel Dr,,North Carolina,Cullowhee,,35.305324,-83.19495,2,,"$1,770 ",Now,Data processed successfully,10/24/2024 19:14
https://www.pattonallenpm.com/for-rent/,"24 Union St Unit 1 Asheville, NC 28804","24 Union St, Asheville, NC, United States of America",24.0,Union St,,North Carolina,Asheville,,35.625071,-82.578187,2,,"$2,750 ",Now,Data processed successfully,10/24/2024 19:14
https://www.pattonallenpm.com/for-rent/,"567 Caribou Rd Asheville, NC 28803","Caribou Road, Asheville, NC 28803, United States of America",,Caribou Road,28803,North Carolina,Asheville,Buncombe County,35.5512399,-82.5250146,2,,"$1,600 ",Now,Data processed successfully,10/24/2024 19:14
https://www.pattonallenpm.com/for-rent/,"40 Little Martha Ln Waynesville, NC 28786","Little Ln, Waynesville, NC, United States of America",,Little Ln,,North Carolina,Waynesville,,35.464215,-83.011545,2,,"$1,450 ",Now,Data processed successfully,10/24/2024 19:14
https://www.pattonallenpm.com/for-rent/,"1010 Hendersonville Rd Apt 4 Asheville, NC 28803","Hendersonville Road, Asheville, NC 28803, United States of America",,Hendersonville Road,28803,North Carolina,Asheville,Buncombe County,35.5056058,-82.5248708,2,,,Now,Data processed successfully,10/24/2024 19:14
https://www.carolinamtn.com/search-listings/,"444 Ray Miller Road, West Jefferson, NC 28694","444 Ray Miller Rd, West Jefferson, NC, United States of America",444.0,Ray Miller Rd,,North Carolina,West Jefferson,,36.344294,-81.388195,,,"$249,000 ",Active,Data processed successfully,10/24/2024 18:55
https://www.carolinamtn.com/search-listings/,"1781 Brookshire Road, Boone, NC 28607","1781 Brookshire Road, Boone, NC 28607, United States of America",1781.0,Brookshire Road,28607,North Carolina,Boone,Watauga County,36.2370466,-81.6465045,,,"$3,200,000 ",Active,Data processed successfully,10/24/2024 18:55
https://www.carolinamtn.com/search-listings/,"879 Winding Ridge Drive, West Jefferson, NC 28694","879 Winding Ridge Dr, West Jefferson, NC, United States of America",879.0,Winding Ridge Dr,,North Carolina,West Jefferson,,36.383048,-81.520847,,,"$2,150,000 ",Active,Data processed successfully,10/24/2024 18:55
https://www.carolinamtn.com/search-listings/,"230 E NC Highway 88, Jefferson, NC 28640","State Hwy 88, Jefferson, NC, United States of America",,State Hwy 88,,North Carolina,Jefferson,,36.420651,-81.471587,,,"$1,895,000 ",Active,Data processed successfully,10/24/2024 18:55
https://www.carolinamtn.com/search-listings/,"1902 Elk Creek Mountain Parkway, Todd, NC 28684","Elk Creek Mtn Pkwy, Todd, NC, United States of America",,Elk Creek Mtn Pkwy,,North Carolina,Todd,,36.337145,-81.610493,,,"$1,774,000 ",Active,Data processed successfully,10/24/2024 18:55
https://www.carolinamtn.com/search-listings/,"2235 Little Laurel Road, Boone, NC 28607","Little Laurel Rd, Boone, NC, United States of America",,Little Laurel Rd,,North Carolina,Boone,,36.183911,-81.579107,,,"$1,750,000 ",Active,Data processed successfully,10/24/2024 18:55
https://www.carolinamtn.com/search-listings/,"101 Double Branch Road, Grassy Creek, NC 28631","101 Double Branch Rd, Grassy Creek, NC, United States of America",101.0,Double Branch Rd,,North Carolina,Grassy Creek,,36.561616,-81.357076,,,"$1,695,000 ",Active,Data processed successfully,10/24/2024 18:55
https://www.carolinamtn.com/search-listings/,"361 Osprey Place, West Jefferson, NC 28694","West Jefferson, North Carolina, United States of America",,,,North Carolina,West Jefferson,,36.40374,-81.49288,,,"$1,650,000 ",Active,Data processed successfully,10/24/2024 18:55
https://www.carolinamtn.com/search-listings/,"340 Wildflower, Fleetwood, NC 28626","Wildflower Trl, Fleetwood, NC, United States of America",,Wildflower Trl,,North Carolina,Fleetwood,,36.288892,-81.53014,,,"$1,595,000 ",Active,Data processed successfully,10/24/2024 18:55
https://www.carolinamtn.com/search-listings/,"309 New Way Road, Boone, NC 28607","New Way Rd, Boone, NC, United States of America",,New Way Rd,,North Carolina,Boone,,36.195014,-81.618758,,,"$1,549,500 ",Active,Data processed successfully,10/24/2024 18:55
https://www.carolinamtn.com/search-listings/,"112 North Face Trail, Boone, NC 28607","N Face Dr, Valdese, NC, United States of America",,N Face Dr,,North Carolina,Valdese,,35.721216,-81.614505,,,"$1,525,000 ",Active,Data processed successfully,10/24/2024 18:55
https://www.carolinamtn.com/search-listings/,"456 Roy Kemp Road, Creston, NC 28615","Roy Kemp Rd, Creston, NC, United States of America",,Roy Kemp Rd,,North Carolina,Creston,,36.439752,-81.61092,,,"$1,495,000 ",Active,Data processed successfully,10/24/2024 18:55
https://www.carolinamtn.com/search-listings/,"1810 Homestead Road, Todd, NC 28684","Homestead Rd, Todd, NC, United States of America",,Homestead Rd,,North Carolina,Todd,,36.356449,-81.561182,,,"$1,350,000 ",Active,Data processed successfully,10/24/2024 18:55
https://www.carolinamtn.com/search-listings/,"461 Chestnut Ridge Drive, Jefferson, NC 28640","Chestnut Ridge Dr, Jefferson, NC, United States of America",,Chestnut Ridge Dr,,North Carolina,Jefferson,,36.400607,-81.42785,,,"$1,299,000 ",Active,Data processed successfully,10/24/2024 18:55
https://www.carolinamtn.com/search-listings/,"711 Milton Brown Heirs Road, Boone, NC 29607","Brian Dr, Greenville, SC, United States of America",,Brian Dr,,South Carolina,Greenville,,34.808706,-82.212217,,,"$1,295,000 ",Active,Data processed successfully,10/24/2024 18:55
https://teamprism.com/listings/,201 Government Avenue SW,"201 Government Avenue Southwest, Hickory, NC 28602, United States of America",201.0,Government Avenue Southwest,28602,North Carolina,Hickory,Catawba County,35.731339,-81.340387,,,Negotiable,,Data updated successfully,10/24/2024 18:55
https://teamprism.com/listings/,1221 Commerce St SW,"1221 Commerce Street Southwest, Conover, NC 28613, United States of America",1221.0,Commerce Street Southwest,28613,North Carolina,Conover,Catawba County,35.698218,-81.2578822,,,"$985,000 / $11.20 Annual/SF",2 spaces available,Data updated successfully,10/24/2024 18:55
https://teamprism.com/listings/,1823 Brian Dr,"1823 Brian Drive, Conover, NC 28613, United States of America",1823.0,Brian Drive,28613,North Carolina,Conover,Catawba County,35.7035883,-81.1834417,,,"$2,300,000 ",,Data updated successfully,10/24/2024 18:55
https://teamprism.com/listings/,Seven Springs Business Park,"Park, Kansas, United States of America",,,,Kansas,Park,Gove County,39.11251,-100.35875,,,$16.00 Annual/SF,,Data updated successfully,10/24/2024 18:55
https://teamprism.com/listings/,500 Prospect St NW,"500 Prospect Street Northwest, Lenoir, NC 28645, United States of America",500.0,Prospect Street Northwest,28645,North Carolina,Lenoir,Caldwell County,35.9165,-81.545445,,,"$549,000 / $3.00 Annual/SF",2 spaces available,Data updated successfully,10/24/2024 18:55
https://teamprism.com/listings/,105 1st Ave S,"105 1st Ave South, Kelly Lake, Hibbing, MN 55746, United States of America",105.0,1st Ave South,55746,Minnesota,Hibbing,Saint Louis County,47.4144417,-93.0090119,,,"$469,000 / $7.80 Annual/SF",2 spaces available,Data updated successfully,10/24/2024 18:55
https://teamprism.com/listings/,3210 16th Ave SE,"3210 16th Avenue Southeast, Albany, OR 97322, United States of America",3210.0,16th Avenue Southeast,97322,Oregon,Albany,Linn County,44.6259819,-123.0649964,,,"$595,000 ",,Data updated successfully,10/24/2024 18:55
https://teamprism.com/listings/,1744 Connelly Springs Rd,"1744 Connelly Springs Road, Oakmont Estates, Cajah's Mountain, NC 28645, United States of America",1744.0,Connelly Springs Road,28645,North Carolina,Cajah's Mountain,Caldwell County,35.849699,-81.5411652,,,"$495,000 ",,Data updated successfully,10/24/2024 18:55
https://teamprism.com/listings/,1014 1st St W,"1014 1st Street West, Le Ray, NY 13602, United States of America",1014.0,1st Street West,13602,New York,,Jefferson County,44.0316044,-75.7734308,,,$4.00 Annual/SF,,Data updated successfully,10/24/2024 18:55
https://teamprism.com/listings/,2958 Main Ave SE,"Main Avenue Southeast, East Sparta, Stark County, OH 44626, United States of America",,Main Avenue Southeast,44626,Ohio,East Sparta,Stark County,40.668847,-81.352039,,,"$295,000 ",,Data updated successfully,10/24/2024 18:55
https://teamprism.com/listings/,1520-1524 Hwy 70 SE,"Highway 70, Assumption Parish, LA 70339, United States of America",,Highway 70,70339,Louisiana,,Assumption Parish,29.909723,-91.215544,,,$36.00 Annual/SF,,Data updated successfully,10/24/2024 18:55
https://teamprism.com/listings/,I-40 Business Park,"Salem Parkway, Burke Park, Winston-Salem, NC 27104, United States of America",,Salem Parkway,27104,North Carolina,Winston-Salem,Forsyth County,36.0843453,-80.3064848,,,$14.00 Annual/SF,,Data updated successfully,10/24/2024 18:55
https://teamprism.com/listings/,2109 15th Ave Pl SE,"2109 15th Avenue Place Southeast, Hickory, NC 28602, United States of America",2109.0,15th Avenue Place Southeast,28602,North Carolina,Hickory,Catawba County,35.7062555,-81.300595,,,"$395,000 ",,Data updated successfully,10/24/2024 18:55
https://teamprism.com/listings/,2923 N Center St,"2923 North Center Street, Flagstaff, AZ 86004, United States of America",2923.0,North Center Street,86004,Arizona,Flagstaff,Coconino County,35.2164004,-111.6203212,,,$17.50 Annual/SF,,Data updated successfully,10/24/2024 18:55
https://www.asherentalagency.com/apartments,"329 Academy St - #201, Jefferson, NC 28640","329 Academy Street, Jefferson, NC 28640, United States of America",329.0,Academy Street,28640,North Carolina,Jefferson,Ashe County,36.4171364,-81.4693411,,,"$1,400 ",11/8/2024,Data processed successfully,10/24/2024 18:54
https://www.asherentalagency.com/apartments,"417 Will Vannoy Rd - #1 Upper, West Jefferson, NC 28694","417 Will Vannoy Rd, West Jefferson, NC, United States of America",417.0,Will Vannoy Rd,,North Carolina,West Jefferson,,36.331244,-81.463677,,,"$1,400 ",12/9/2024,Data processed successfully,10/24/2024 18:54
https://www.asherentalagency.com/apartments,"12442 NC Hwy 88 W - Unit C, Creston, NC 28615","State Hwy 88 W, Creston, NC, United States of America",,State Hwy 88 W,,North Carolina,Creston,,36.446738,-81.609621,,,$650 ,Available NOW,Data processed successfully,10/24/2024 18:54
https://www.asherentalagency.com/apartments,"101 A N Jefferson Ave, West Jefferson, NC 28694","North Jefferson Avenue, West Jefferson, NC 28694, United States of America",,North Jefferson Avenue,28694,North Carolina,West Jefferson,Ashe County,36.4028923,-81.4926476,,,"$1,400 ",Available NOW,Data processed successfully,10/24/2024 18:54
https://www.petekey.com/vacation-rentals/results/,,,,,,,,,,,,,$87/night,AVAILABLE NOW,Data updated successfully,10/24/2024 18:52
https://www.petekey.com/vacation-rentals/results/,McLean near Brevard College,"Brevard College, Transylvania County, North Carolina, United States of America",,,,North Carolina,,Transylvania County,35.23872,-82.72929,,,$53/night,AVAILABLE NOW,Data processed successfully,10/24/2024 18:52
https://www.petekey.com/vacation-rentals/results/,DT Brevard,"Brevard, North Carolina, United States of America",,,,North Carolina,Brevard,Transylvania County,35.2334472,-82.7342919,,,$42/night,,Data processed successfully,10/24/2024 18:52
https://www.petekey.com/vacation-rentals/results/,w/Pasture near Brevard,"Brevard, North Carolina, United States of America",,,,North Carolina,Brevard,Transylvania County,35.23345,-82.73429,,,$60/night,AVAILABLE NOW,Data processed successfully,10/24/2024 18:52
https://www.leslieandassoc.com/apartments,8202 Terra Drive D,"8202 Elberta Drive, Ellicott City, MD 21043, United States of America",8202.0,Elberta Drive,21043,Maryland,Ellicott City,Howard County,39.2375935,-76.7941939,,,"$1,395.00 ",,Data processed successfully,10/24/2024 18:51
https://kropfrealestatemanagement.com/available-properties/,"12 Larchmont Road, Asheville, NC 28804","12 Larchmont Road, Grace, Asheville, NC 28804, United States of America",12.0,Larchmont Road,28804,North Carolina,Asheville,Buncombe County,35.6233024,-82.5551463,,,$2975.00 / month,,Data processed successfully,10/24/2024 18:50
https://kropfrealestatemanagement.com/available-properties/,"11 Von Ruck Court, Asheville, NC 28801","11 Von Ruck Court, Asheville, NC 28801, United States of America",11.0,Von Ruck Court,28801,North Carolina,Asheville,Buncombe County,35.6054967,-82.5431937,,,$2950.00 / month,,Data processed successfully,10/24/2024 18:50
https://kropfrealestatemanagement.com/available-properties/,"985 New Stock Road, Weaverville, NC 28787","Newstock Rd, Weaverville, NC, United States of America",,Newstock Rd,,North Carolina,Weaverville,,35.712349,-82.59348,,,$2400.00 / month,,Data processed successfully,10/24/2024 18:50
https://kropfrealestatemanagement.com/available-properties/,"983 New Stock Road, Weaverville, NC 28787","Newstock Rd, Weaverville, NC, United States of America",,Newstock Rd,,North Carolina,Weaverville,,35.712324,-82.593437,,,$2000.00 / month,,Data processed successfully,10/24/2024 18:50
https://www.cottonwoodpropertiesnc.com/rentals/,"1001 W Avenue Nw, Lenoir","Aftermath Fitness, 1001 West Avenue Northwest, Lenoir, NC 28645, United States of America",1001.0,West Avenue Northwest,28645,North Carolina,Lenoir,Caldwell County,35.9139459,-81.541223,,,"$1,900 ",,Data processed successfully,10/24/2024 18:50
https://www.cottonwoodpropertiesnc.com/rentals/,,,,,,,,,,,,,$850 ,,Data processed successfully,10/24/2024 18:50
https://www.cottonwoodpropertiesnc.com/rentals/,,,,,,,,,,,,,"$1,300 ",,Data processed successfully,10/24/2024 18:50
https://www.cottonwoodpropertiesnc.com/rentals/,,,,,,,,,,,,,"$1,100 ",,Data processed successfully,10/24/2024 18:50
https://www.cottonwoodpropertiesnc.com/rentals/,"1990 Talbot Lane, Hickory","1990 Talbot Lane, Hickory, NC 28602, United States of America",1990.0,Talbot Lane,28602,North Carolina,Hickory,Catawba County,35.6864109,-81.3480213,,,"$2,950 ",,Data processed successfully,10/24/2024 18:50
https://www.cottonwoodpropertiesnc.com/rentals/,"849 6th Avenue Sw, Hickory","849 6th Avenue Southwest, Hickory, NC 28602, United States of America",849.0,6th Avenue Southwest,28602,North Carolina,Hickory,Catawba County,35.7249041,-81.352839,,,"$1,295 ",,Data processed successfully,10/24/2024 18:50
https://www.cottonwoodpropertiesnc.com/rentals/,"202 Sycamore Cove Road, Asheville","Asheville, North Carolina, United States of America",,,,North Carolina,Asheville,Buncombe County,35.60095,-82.55402,,,"$3,000 ",,Data processed successfully,10/24/2024 18:50
https://www.cottonwoodpropertiesnc.com/rentals/,,,,,,,,,,,,,$12 ,,Data processed successfully,10/24/2024 18:50
https://www.cottonwoodpropertiesnc.com/rentals/,,,,,,,,,,,,,"$2,583 ",,Data processed successfully,10/24/2024 18:50
https://www.cottonwoodpropertiesnc.com/rentals/,"18 Oakhaven Terrace, Asheville","Asheville, North Carolina, United States of America",,,,North Carolina,Asheville,Buncombe County,35.60095,-82.55402,,,"$3,000 ",,Data processed successfully,10/24/2024 18:50
https://www.cottonwoodpropertiesnc.com/rentals/,,,,,,,,,,,,,$825 ,,Data processed successfully,10/24/2024 18:50
https://www.cottonwoodpropertiesnc.com/rentals/,"1086 20th Street Ne, Hickory","1086 20th Street Northeast, Hickory, NC 28601, United States of America",1086.0,20th Street Northeast,28601,North Carolina,Hickory,Catawba County,35.7409654,-81.2983768,,,"$1,595 ",,Data processed successfully,10/24/2024 18:50
https://www.cottonwoodpropertiesnc.com/rentals/,"506 E Marion Street 3, Shelby","Shelby Avenue, West End, Fairmont, WV 26554, United States of America",,Shelby Avenue,26554,West Virginia,Fairmont,Marion County,39.47465,-80.157447,,,"$1,300 ",,Data processed successfully,10/24/2024 18:50
https://www.cottonwoodpropertiesnc.com/rentals/,"405 17th Avenue Ne 18, Hickory","Hickory, North Carolina, United States of America",,,,North Carolina,Hickory,Caldwell County,35.73319,-81.3412,,,"$1,500 ",,Data processed successfully,10/24/2024 18:50
https://www.cottonwoodpropertiesnc.com/rentals/,"405 17th Avenue Ne 4, Hickory","Hickory, North Carolina, United States of America",,,,North Carolina,Hickory,Caldwell County,35.73319,-81.3412,,,"$1,100 ",,Data processed successfully,10/24/2024 18:50
https://www.cottonwoodpropertiesnc.com/rentals/,"1058 Pepperwood Place, Lake Wylie","Lake Wylie, South Carolina, United States of America",,,,South Carolina,Lake Wylie,York County,35.10848,-81.04285,,,"$2,395 ",,Data processed successfully,10/24/2024 18:50
https://www.cottonwoodpropertiesnc.com/rentals/,"405 17th Avenue Ne 3, Hickory","Hickory, North Carolina, United States of America",,,,North Carolina,Hickory,Caldwell County,35.73319,-81.3412,,,"$1,100 ",,Data processed successfully,10/24/2024 18:50
https://www.cottonwoodpropertiesnc.com/rentals/,,,,,,,,,,,,,$14 ,,Data processed successfully,10/24/2024 18:50
https://www.cottonwoodpropertiesnc.com/rentals/,"5761 Pea Ridge Road, Rutherfordton","Rutherfordton, North Carolina, United States of America",,,,North Carolina,Rutherfordton,Rutherford County,35.36929,-81.95677,,,"$1,595 ",,Data processed successfully,10/24/2024 18:50
https://www.cottonwoodpropertiesnc.com/rentals/,"120 Clubwood Court, Asheville","120 Clubwood Court, Asheville, NC 28803, United States of America",120.0,Clubwood Court,28803,North Carolina,Asheville,Buncombe County,35.5166852,-82.5251327,,,"$5,000 ",,Data processed successfully,10/24/2024 18:50
https://www.cottonwoodpropertiesnc.com/rentals/,"2689 Gamecroft Street 3a, Lenoir","Lenoir, North Carolina, United States of America",,,,North Carolina,Lenoir,Caldwell County,35.91402,-81.53898,,,$950 ,,Data processed successfully,10/24/2024 18:50
https://www.cottonwoodpropertiesnc.com/rentals/,,,,,,,,,,,,,"$4,000 ",,Data processed successfully,10/24/2024 18:50
https://www.cottonwoodpropertiesnc.com/rentals/,"525 12th Street Sw, Hickory","525 12th Street Southwest, Hickory, NC 28602, United States of America",525.0,12th Street Southwest,28602,North Carolina,Hickory,Catawba County,35.7258937,-81.3606429,,,$850 ,,Data processed successfully,10/24/2024 18:50
https://www.cottonwoodpropertiesnc.com/rentals/,"1925 Lake Acres Drive, Hickory","Hickory, North Carolina, United States of America",,,,North Carolina,Hickory,Caldwell County,35.73319,-81.3412,,,"$3,500 ",,Data processed successfully,10/24/2024 18:50
https://www.cottonwoodpropertiesnc.com/rentals/,"1530 39th Avenue Loop Ne 5, Hickory","Hickory, North Carolina, United States of America",,,,North Carolina,Hickory,Caldwell County,35.73319,-81.3412,,,"$1,840 ",,Data processed successfully,10/24/2024 18:50
https://www.cottonwoodpropertiesnc.com/rentals/,"1111 Cane Creek Road, Fletcher","Cane Creek Road, Fletcher, NC 28732, United States of America",,Cane Creek Road,28732,North Carolina,Fletcher,Henderson County,35.433381,-82.493811,,,"$4,950 ",,Data processed successfully,10/24/2024 18:50
https://www.cottonwoodpropertiesnc.com/rentals/,"4864 Midway Sand Road, Hickory","Hickory, North Carolina, United States of America",,,,North Carolina,Hickory,Caldwell County,35.73319,-81.3412,,,"$1,750 ",,Data processed successfully,10/24/2024 18:50
https://www.cottonwoodpropertiesnc.com/rentals/,,,,,,,,,,,,,"$2,500 ",,Data processed successfully,10/24/2024 18:50
https://www.cottonwoodpropertiesnc.com/rentals/,"411 Elizabeth Avenue, Shelby","411 Elizabeth Avenue, Elizabeth City, Shelby, NC 28150, United States of America",411.0,Elizabeth Avenue,28150,North Carolina,Shelby,Cleveland County,35.2918114,-81.4918756,,,"$1,450 ",,Data processed successfully,10/24/2024 18:50
https://www.cottonwoodpropertiesnc.com/rentals/,"180 Water Drive, Hickory","Hickory, North Carolina, United States of America",,,,North Carolina,Hickory,Caldwell County,35.73319,-81.3412,,,"$1,395 ",,Data processed successfully,10/24/2024 18:50
https://www.cottonwoodpropertiesnc.com/rentals/,"160 Water Drive, Hickory","Hickory, North Carolina, United States of America",,,,North Carolina,Hickory,Caldwell County,35.73319,-81.3412,,,"$1,395 ",,Data processed successfully,10/24/2024 18:50
https://www.cottonwoodpropertiesnc.com/rentals/,"130 Water Drive, Hickory","Hickory, North Carolina, United States of America",,,,North Carolina,Hickory,Caldwell County,35.73319,-81.3412,,,"$1,395 ",,Data processed successfully,10/24/2024 18:50
https://www.cottonwoodpropertiesnc.com/rentals/,"159 12th Avenue Nw, Hickory","159 12th Avenue Northwest, Hickory, NC 28601, United States of America",159.0,12th Avenue Northwest,28601,North Carolina,Hickory,Catawba County,35.7477626,-81.340697,,,"$1,000 ",,Data processed successfully,10/24/2024 18:50
https://www.cottonwoodpropertiesnc.com/rentals/,,,,,,,,,,,,,$478 ,,Data processed successfully,10/24/2024 18:50
https://www.cottonwoodpropertiesnc.com/rentals/,,,,,,,,,,,,,"$1,940 ",,Data processed successfully,10/24/2024 18:50
https://www.cottonwoodpropertiesnc.com/rentals/,"41 Gio Bella Drive, Hendersonville","Hendersonville, Tennessee, United States of America",,,,Tennessee,Hendersonville,Sumner County,36.30477,-86.62,,,"$2,200 ",,Data processed successfully,10/24/2024 18:50
https://www.cottonwoodpropertiesnc.com/rentals/,"1140 Dekalb Street, Shelby","1140 South Dekalb Street, Washington Heights, Shelby, NC 28152, United States of America",1140.0,South Dekalb Street,28152,North Carolina,Shelby,Cleveland County,35.2726003,-81.5399736,,,"$1,000 ",,Data processed successfully,10/24/2024 18:50
https://www.cottonwoodpropertiesnc.com/rentals/,"250 5th Avenue Ne, Hickory","250 5th Avenue Northeast, Hickory, NC 28601, United States of America",250.0,5th Avenue Northeast,28601,North Carolina,Hickory,Catawba County,35.7383432,-81.3343523,,,"$1,100 ",,Data processed successfully,10/24/2024 18:50
https://www.cottonwoodpropertiesnc.com/rentals/,"1489 23rd Street Ne, Hickory","1489 23rd Street Northeast, Hickory, NC 28601, United States of America",1489.0,23rd Street Northeast,28601,North Carolina,Hickory,Catawba County,35.7473965,-81.2892743,,,"$1,600 ",,Data processed successfully,10/24/2024 18:50
https://www.houseinorderpm.com/homes-for-rent,"50 Crestmont Ave. Asheville , NC 28806","50 Crestmont Avenue, Asheville, NC 28806, United States of America",50.0,Crestmont Avenue,28806,North Carolina,Asheville,Buncombe County,35.5754231,-82.5713955,,,"$3,400 ",Now,Data processed successfully,10/24/2024 18:50
https://www.houseinorderpm.com/homes-for-rent,"46 Garden Circle Asheville , NC 28806","46 Garden Circle, Asheville, NC 28806, United States of America",46.0,Garden Circle,28806,North Carolina,Asheville,Buncombe County,35.5753239,-82.5732231,,,"$2,500 ",Now,Data processed successfully,10/24/2024 18:50
https://www.houseinorderpm.com/homes-for-rent,"358 London Road Asheville , NC 28803","London Road, Asheville, NC 28803, United States of America",,London Road,28803,North Carolina,Asheville,Buncombe County,35.5586749,-82.5335433,,,$925 ,Now,Data processed successfully,10/24/2024 18:50
https://www.houseinorderpm.com/homes-for-rent,"1 Katra Lane Asheville , NC 28805","1 Katra Ln, Asheville, NC, United States of America",1.0,Katra Ln,,North Carolina,Asheville,,35.616968,-82.478006,,,"$1,425 ",11/1/2024,Data processed successfully,10/24/2024 18:50
https://www.houseinorderpm.com/homes-for-rent,"38 Lone Coyote Ridge Unit A Fletcher , NC 28732","38 Lone Coyote Ridge, Fletcher, NC, United States of America",38.0,Lone Coyote Ridge,,North Carolina,Fletcher,,35.519673,-82.435008,,,"$2,600 ",11/1/2024,Data processed successfully,10/24/2024 18:50
https://www.houseinorderpm.com/homes-for-rent,"135 Broad St. Unit 2 Asheville , NC 28801","135 Broad Street, Asheville, NC 28801, United States of America",135.0,Broad Street,28801,North Carolina,Asheville,Buncombe County,35.6040593,-82.5474166,,,"$2,400 ",Now,Data processed successfully,10/24/2024 18:50
https://www.houseinorderpm.com/homes-for-rent,"135 Broad St. Unit 3 Asheville , NC 28801","135 Broad Street, Asheville, NC 28801, United States of America",135.0,Broad Street,28801,North Carolina,Asheville,Buncombe County,35.6040593,-82.5474166,,,"$1,795 ",Now,Data processed successfully,10/24/2024 18:50
https://www.houseinorderpm.com/homes-for-rent,"46 Spicewood Rd. Unit B Weaverville , NC 28787","Spicewood Rd, Weaverville, NC, United States of America",,Spicewood Rd,,North Carolina,Weaverville,,35.704084,-82.600465,,,"$1,795 ",Now,Data processed successfully,10/24/2024 18:50
https://www.houseinorderpm.com/homes-for-rent,"46 Spicewood Rd. Unit C Weaverville , NC 28787","Spicewood Rd, Weaverville, NC, United States of America",,Spicewood Rd,,North Carolina,Weaverville,,35.704084,-82.600465,,,"$2,200 ",Now,Data processed successfully,10/24/2024 18:50
https://www.houseinorderpm.com/homes-for-rent,"1020 Baldwin Commons Drive Arden , NC 28704","Baldwin Gap Rd, Arden, NC, United States of America",,Baldwin Gap Rd,,North Carolina,Arden,,35.479099,-82.589687,,,"$2,400 ",Now,Data processed successfully,10/24/2024 18:50
https://www.houseinorderpm.com/homes-for-rent,"329 Moutain Laurel Asheville , NC 28805","Laurel Ln, Asheville, NC, United States of America",,Laurel Ln,,North Carolina,Asheville,,35.58211,-82.513424,,,"$1,560 ",Now,Data processed successfully,10/24/2024 18:50
https://www.houseinorderpm.com/homes-for-rent,"223 Williams Rd Fletcher , NC 28732","Williams Rd, Fletcher, NC, United States of America",,Williams Rd,,North Carolina,Fletcher,,35.479519,-82.482222,,,"$1,200 ",11/5/2024,Data processed successfully,10/24/2024 18:50
https://www.houseinorderpm.com/homes-for-rent,"114 Shamrock Park Drive Landrum , SC 29356","114 Shamrock Park Drive, Landrum, Spartanburg County, SC 29356, United States of America",114.0,Shamrock Park Drive,29356,South Carolina,Landrum,Spartanburg County,35.1620725,-82.176161,,,"$1,750 ",Now,Data processed successfully,10/24/2024 18:50
https://www.houseinorderpm.com/homes-for-rent,"7 Sirenas Way Unit A Fletcher , NC 28732","Fletcher, North Carolina, United States of America",,,,North Carolina,Fletcher,,35.43067,-82.50123,,,"$1,725 ",Now,Data processed successfully,10/24/2024 18:50
https://www.houseinorderpm.com/homes-for-rent,"28 Edgemont Rd Unit 12 Asheville , NC 28801","28 Edgemont Road, Asheville, NC 28801, United States of America",28.0,Edgemont Road,28801,North Carolina,Asheville,Buncombe County,35.6130277,-82.5446201,,,"$1,825 ",Now,Data processed successfully,10/24/2024 18:50
https://www.houseinorderpm.com/homes-for-rent,"30 Edgemont Rd Unit 24 Asheville , NC 28801","30 Edgemont Road, Asheville, NC 28801, United States of America",30.0,Edgemont Road,28801,North Carolina,Asheville,Buncombe County,35.6130567,-82.5445597,,,"$1,425 ",Now,Data processed successfully,10/24/2024 18:50
https://www.houseinorderpm.com/homes-for-rent,"1451 Dana Rd Hendersonville , NC 28792","Dana Road, Hendersonville, NC 28792, United States of America",,Dana Road,28792,North Carolina,Hendersonville,Henderson County,35.328578,-82.439891,,,"$2,300 ",Now,Data processed successfully,10/24/2024 18:50
https://www.houseinorderpm.com/homes-for-rent,"131 W Chestnut St Unit B Asheville , NC 28801","West Chestnut Street, Asheville, NC 28801, United States of America",,West Chestnut Street,28801,North Carolina,Asheville,Buncombe County,35.6016246,-82.5606639,,,"$1,400 ",Now,Data processed successfully,10/24/2024 18:50
https://www.houseinorderpm.com/homes-for-rent,"9 Kenilworth Knolls Unit 217 Asheville , NC 28805","Kenilworth Knoll, Asheville, NC, United States of America",,Kenilworth Knoll,,North Carolina,Asheville,,35.589669,-82.529713,,,$850 ,Now,Data processed successfully,10/24/2024 18:50
https://www.tonsofrentals.com/asheville-homes-for-rent?&sort=amount%7Cdesc,"643 Clearview Drive, Hendersonville, NC 28792","643 Clearview Dr, Hendersonville, NC, United States of America",643.0,Clearview Dr,,North Carolina,Hendersonville,,35.301493,-82.422122,,,"$1,495/mo.",Immediately,Data processed successfully,10/24/2024 18:48
https://www.tonsofrentals.com/asheville-homes-for-rent?&sort=amount%7Cdesc,"3 Dadoo Drive, Asheville, NC 28806","Toad Dr, Asheville, NC, United States of America",,Toad Dr,,North Carolina,Asheville,,35.609271,-82.627488,,,"$1,995/mo.",Immediately,Data processed successfully,10/24/2024 18:48
https://www.tonsofrentals.com/asheville-homes-for-rent?&sort=amount%7Cdesc,"413 Pocono Court, Arden, NC 28704","413 Pocono Ct, Arden, NC, United States of America",413.0,Pocono Ct,,North Carolina,Arden,,35.452639,-82.571744,,,"$1,695/mo.",Immediately,Data processed successfully,10/24/2024 18:48
https://www.tonsofrentals.com/asheville-homes-for-rent?&sort=amount%7Cdesc,"33 Madeline Avenue, Asheville, NC 28806","33 Madeline Avenue, Asheville, NC 28806, United States of America",33.0,Madeline Avenue,28806,North Carolina,Asheville,Buncombe County,35.5745071,-82.6112624,,,"$2,295/mo.",Immediately,Data processed successfully,10/24/2024 18:48
https://www.tonsofrentals.com/asheville-homes-for-rent?&sort=amount%7Cdesc,"165 Wiltshire Circle, Fletcher, NC 28732","165 Wiltshire Circle, Fletcher, NC 28732, United States of America",165.0,Wiltshire Circle,28732,North Carolina,Fletcher,Henderson County,35.4401519,-82.5277846,,,"$2,195/mo.",Immediately,Data processed successfully,10/24/2024 18:48
https://www.tonsofrentals.com/asheville-homes-for-rent?&sort=amount%7Cdesc,"71 East Street, Asheville, NC 28803","71 East Street, Asheville, NC 28803, United States of America",71.0,East Street,28803,North Carolina,Asheville,Buncombe County,35.5701748,-82.5304959,,,"$2,195/mo.",Immediately,Data processed successfully,10/24/2024 18:48
https://www.tonsofrentals.com/asheville-homes-for-rent?&sort=amount%7Cdesc,"7 Shadowbrook Lane B, Weaverville, NC 28787","Shadowbrook Ln, Weaverville, NC, United States of America",,Shadowbrook Ln,,North Carolina,Weaverville,,35.693251,-82.551463,,,"$1,350/mo.",10/25/2024,Data processed successfully,10/24/2024 18:48
https://www.tonsofrentals.com/asheville-homes-for-rent?&sort=amount%7Cdesc,"2670 Seminole Drive, Hendersonville, NC 28791","2670 Seminole Drive, Essex, Hendersonville, NC 28791, United States of America",2670.0,Seminole Drive,28791,North Carolina,Hendersonville,Henderson County,35.3399665,-82.4932215,,,"$2,595/mo.",12/1/2024,Data processed successfully,10/24/2024 18:48
https://www.tonsofrentals.com/asheville-homes-for-rent?&sort=amount%7Cdesc,"30 Cedar Street, Asheville, NC 28803","30 Cedar Street, Asheville, NC 28803, United States of America",30.0,Cedar Street,28803,North Carolina,Asheville,Buncombe County,35.5657606,-82.5131713,,,"$2,395/mo.",11/15/2024,Data processed successfully,10/24/2024 18:48
https://www.tonsofrentals.com/asheville-homes-for-rent?&sort=amount%7Cdesc,"6 Chambers Garden Dr, Arden, NC 28704","Graydon Pl, Arden, NC, United States of America",,Graydon Pl,,North Carolina,Arden,,35.469673,-82.478219,,,"$2,495/mo.",Immediately,Data processed successfully,10/24/2024 18:48
https://www.tonsofrentals.com/asheville-homes-for-rent?&sort=amount%7Cdesc,"234 Wash Creek Drive #A, Hendersonville, NC 28739","234 Wash Creek Drive, Glenn Brook, Hendersonville, NC 28739, United States of America",234.0,Wash Creek Drive,28739,North Carolina,Hendersonville,Henderson County,35.3136671,-82.4789618,,,"$1,895/mo.",11/1/2024,Data processed successfully,10/24/2024 18:48
https://www.tonsofrentals.com/asheville-homes-for-rent?&sort=amount%7Cdesc,"125 S. Sunberry Trail, Fletcher, NC 28732","125 South Sunberry Trail, Hoopers Creek, Fletcher, NC 28732, United States of America",125.0,South Sunberry Trail,28732,North Carolina,Fletcher,Henderson County,35.4313121,-82.4656127,,,"$2,495/mo.",Immediately,Data processed successfully,10/24/2024 18:48
https://www.tonsofrentals.com/asheville-homes-for-rent?&sort=amount%7Cdesc,"705 N. Wild Oaks Lane, Hendersonville, NC 28791","Wild Oaks Dr, Candler, NC, United States of America",,Wild Oaks Dr,,North Carolina,Candler,,35.492716,-82.709584,,,"$2,195/mo.",11/1/2024,Data processed successfully,10/24/2024 18:48
https://www.tonsofrentals.com/asheville-homes-for-rent?&sort=amount%7Cdesc,"9 White Ave, Asheville, NC 28803","9 White Avenue, Asheville, NC 28803, United States of America",9.0,White Avenue,28803,North Carolina,Asheville,Buncombe County,35.5507712,-82.5304802,,,"$2,195/mo.",Immediately,Data processed successfully,10/24/2024 18:48
https://www.pattonallenpm.com/for-rent/,"187 Swannanoa Ave Asheville , NC 28806","187 Swannanoa Avenue, Asheville, NC 28806, United States of America",187.0,Swannanoa Avenue,28806,North Carolina,Asheville,Buncombe County,35.5718904,-82.576831,,,"$2,500 ",Now,Data processed successfully,10/24/2024 18:48
https://www.pattonallenpm.com/for-rent/,"731 Macedonia Rd Asheville , NC 28804-9650","731 Macedonia Rd, Asheville, NC, United States of America",731.0,Macedonia Rd,,North Carolina,Asheville,,35.650303,-82.62746,,,"$1,350 ",Now,Data processed successfully,10/24/2024 18:48
https://www.pattonallenpm.com/for-rent/,"33 Starnes Ave Apt 3 Asheville , NC 28801","33 Starnes Avenue, Asheville, NC 28801, United States of America",33.0,Starnes Avenue,28801,North Carolina,Asheville,Buncombe County,35.600014,-82.5571439,,,"$1,325 ",Now,Data processed successfully,10/24/2024 18:48
https://www.pattonallenpm.com/for-rent/,"7 Night Owl Haven Fletcher , NC 28732","Knight St, Robbinsville, NC, United States of America",,Knight St,,North Carolina,Robbinsville,,35.325381,-83.810758,,,"$2,200 ",12/12/2024,Data processed successfully,10/24/2024 18:48
https://www.pattonallenpm.com/for-rent/,"114.5 Clingman Ave Asheville , NC 28801","Clingman Avenue, Asheville, NC 28801, United States of America",,Clingman Avenue,28801,North Carolina,Asheville,Buncombe County,35.5932306,-82.5624436,,,"$1,500 ",Now,Data processed successfully,10/24/2024 18:48
https://www.pattonallenpm.com/for-rent/,"11 Jeff Dr Asheville , NC 28806-8858","11 Jeff Drive, Asheville, NC 28806, United States of America",11.0,Jeff Drive,28806,North Carolina,Asheville,Buncombe County,35.5404693,-82.6007071,,,"$1,450 ",Now,Data processed successfully,10/24/2024 18:48
https://www.pattonallenpm.com/for-rent/,"64 Mildred Ave Unit 1/2 Asheville , NC 28806","64 Mildred Avenue, Asheville, NC 28806, United States of America",64.0,Mildred Avenue,28806,North Carolina,Asheville,Buncombe County,35.5811359,-82.5946201,,,"$1,200 ",Now,Data processed successfully,10/24/2024 18:48
https://www.pattonallenpm.com/for-rent/,"61 Haywood Rd Asheville , NC 28806","61 Haywood Road, Asheville, NC 28806, United States of America",61.0,Haywood Road,28806,North Carolina,Asheville,Buncombe County,35.5817481,-82.5725234,,,"$3,200 ",Now,Data processed successfully,10/24/2024 18:48
https://www.pattonallenpm.com/for-rent/,"205 Laurel Ridge Road Asheville , NC 28805","205 Laurel Ridge Rd, Asheville, NC, United States of America",205.0,Laurel Ridge Rd,,North Carolina,Asheville,,35.62871,-82.472821,,,"$3,200 ",11/1/2024,Data processed successfully,10/24/2024 18:48
https://www.pattonallenpm.com/for-rent/,"61 Sevier St Asheville , NC 28804","61 Sevier Street, Asheville, NC 28804, United States of America",61.0,Sevier Street,28804,North Carolina,Asheville,Buncombe County,35.6153191,-82.562279,,,"$1,850 ",Now,Data processed successfully,10/24/2024 18:48
https://www.pattonallenpm.com/for-rent/,"77 Conestee St Asheville , NC 28801-1241","77 Conestee Street, Asheville, NC 28801, United States of America",77.0,Conestee Street,28801,North Carolina,Asheville,Buncombe County,35.6122531,-82.5566187,,,"$1,850 ",Now,Data processed successfully,10/24/2024 18:48
https://www.pattonallenpm.com/for-rent/,"Downtown Condo with Great Views! 55 S Market Street 414 Asheville, NC 28801","S Market St, Asheville, NC, United States of America",,S Market St,,North Carolina,Asheville,,35.59337,-82.55019,,,"$2,800 ",Now,Data processed successfully,10/24/2024 18:48
https://www.pattonallenpm.com/for-rent/,"17 Cole St Asheville , NC 28803","17 Cole Street, Asheville, NC 28803, United States of America",17.0,Cole Street,28803,North Carolina,Asheville,Buncombe County,35.5704302,-82.5317202,,,"$2,100 ",Now,Data processed successfully,10/24/2024 18:48
https://www.pattonallenpm.com/for-rent/,"142.5 Beaverdam Rd Asheville , NC 28804","Beaverdam Road, Grace, Asheville, NC 28804, United States of America",,Beaverdam Road,28804,North Carolina,Asheville,Buncombe County,35.6385154,-82.5426311,,,"$1,425 ",Now,Data processed successfully,10/24/2024 18:48
https://www.pattonallenpm.com/for-rent/,"20 Rocking Porch Rd Asheville , NC 28805","20 Rocking Porch Road, Dogwood Grove, Asheville, NC 28805, United States of America",20.0,Rocking Porch Road,28805,North Carolina,Asheville,Buncombe County,35.5986453,-82.5170561,,,"$1,375 ",Now,Data processed successfully,10/24/2024 18:48
https://www.pattonallenpm.com/for-rent/,"43 Ravenscroft Drive # 1 Asheville , NC 28801","43 Ravenscroft Drive, Asheville, NC 28801, United States of America",43.0,Ravenscroft Drive,28801,North Carolina,Asheville,Buncombe County,35.5908169,-82.5537989,,,"$1,175 ",Now,Data processed successfully,10/24/2024 18:48
https://www.pattonallenpm.com/for-rent/,"37 Skyview Pl #3 Asheville , NC 28804","37 Skyview Place, Asheville, NC 28804, United States of America",37.0,Skyview Place,28804,North Carolina,Asheville,Buncombe County,35.6035348,-82.5416949,,,"$1,250 ",Now,Data processed successfully,10/24/2024 18:48
https://www.pattonallenpm.com/for-rent/,"105 Edwin Pl Apt 5 Asheville , NC 28801-1494","105 Edwin Place, Asheville, NC 28801, United States of America",105.0,Edwin Place,28801,North Carolina,Asheville,Buncombe County,35.611,-82.5493407,,,"$1,100 ",Now,Data processed successfully,10/24/2024 18:48
https://www.pattonallenpm.com/for-rent/,"432 Riverview Dr Asheville , NC 28806","Riverview Drive, Asheville, NC 28806, United States of America",,Riverview Drive,28806,North Carolina,Asheville,Buncombe County,35.571019,-82.5678798,,,"$2,400 ",Now,Data processed successfully,10/24/2024 18:48
https://www.pattonallenpm.com/for-rent/,"15 Pinedale Rd Candler , NC 28715","15 Pinedale Rd, Candler, NC, United States of America",15.0,Pinedale Rd,,North Carolina,Candler,,35.561277,-82.652089,,,"$1,395 ",Now,Data processed successfully,10/24/2024 18:48
https://www.pattonallenpm.com/for-rent/,"37 Skyview Pl #6 Asheville , NC 28804","37 Skyview Place, Asheville, NC 28804, United States of America",37.0,Skyview Place,28804,North Carolina,Asheville,Buncombe County,35.6035348,-82.5416949,,,"$1,650 ",Now,Data processed successfully,10/24/2024 18:48
https://www.pattonallenpm.com/for-rent/,"116 East Chestnut Street Apt 32 Asheville , NC 28801","East Chestnut Street, Asheville, NC 28801, United States of America",,East Chestnut Street,28801,North Carolina,Asheville,Buncombe County,35.6029058,-82.5452557,,,"$1,350 ",Now,Data processed successfully,10/24/2024 18:48
https://www.pattonallenpm.com/for-rent/,"1010 Hendersonville Rd Apt 8 Asheville , NC 28803","Hendersonville Road, Asheville, NC 28803, United States of America",,Hendersonville Road,28803,North Carolina,Asheville,Buncombe County,35.5056058,-82.5248708,,,$960 ,Now,Data processed successfully,10/24/2024 18:48
https://www.pattonallenpm.com/for-rent/,"145 Citadel Drive Apt 149G Cullowhee , NC 28723","Citadel Dr, Cullowhee, NC, United States of America",,Citadel Dr,,North Carolina,Cullowhee,,35.305391,-83.194901,,,"$1,100 ",Now,Data processed successfully,10/24/2024 18:48
https://www.pattonallenpm.com/for-rent/,"93 Citadel Drive Apt 103 Cullowhee , NC 28723","93 Citadel Dr, Cullowhee, NC, United States of America",93.0,Citadel Dr,,North Carolina,Cullowhee,,35.305324,-83.19495,,,"$1,770 ",Now,Data processed successfully,10/24/2024 18:48
https://www.pattonallenpm.com/for-rent/,"24 Union St Unit 1 Asheville , NC 28804","24 Union St, Asheville, NC, United States of America",24.0,Union St,,North Carolina,Asheville,,35.625071,-82.578187,,,"$2,750 ",Now,Data processed successfully,10/24/2024 18:48
https://www.pattonallenpm.com/for-rent/,"567 Caribou Rd Asheville , NC 28803","Caribou Road, Asheville, NC 28803, United States of America",,Caribou Road,28803,North Carolina,Asheville,Buncombe County,35.5512399,-82.5250146,,,"$1,600 ",Now,Data processed successfully,10/24/2024 18:48
https://www.pattonallenpm.com/for-rent/,"40 Little Martha Ln Waynesville , NC 28786","Little Ln, Waynesville, NC, United States of America",,Little Ln,,North Carolina,Waynesville,,35.464215,-83.011545,,,"$1,450 ",Now,Data processed successfully,10/24/2024 18:48
https://www.pattonallenpm.com/for-rent/,"1010 Hendersonville Rd Apt 4 Asheville , NC 28803","Hendersonville Road, Asheville, NC 28803, United States of America",,Hendersonville Road,28803,North Carolina,Asheville,Buncombe County,35.5056058,-82.5248708,,,"$1,200 ",Now,Data processed successfully,10/24/2024 18:48
https://www.lakejamesrentalproperties.com/vacation-rentals/,362 Captains Dr. Nebo NC 28761,"362 Captains Dr, Nebo, NC, United States of America",362.0,Captains Dr,,North Carolina,Nebo,,35.736175,-81.963417,,,,,Data processed successfully,10/24/2024 18:39
https://www.lakejamesrentalproperties.com/vacation-rentals/,"8426 Lake James Rd, Nebo, NC – Dales Creek Cove","Lake James Rd, Nebo, NC, United States of America",,Lake James Rd,,North Carolina,Nebo,,35.759429,-81.949237,,,,,Data processed successfully,10/24/2024 18:39
https://www.lakejamesrentalproperties.com/vacation-rentals/,2226 Mallard Cove,"2226 Mallard Cove Drive, Burke County, NC 28761, United States of America",2226.0,Mallard Cove Drive,28761,North Carolina,,Burke County,35.742609,-81.8694124,,,,,Data processed successfully,10/24/2024 18:39
https://www.lakejamesrentalproperties.com/vacation-rentals/,486 Harborside Dr,"486 Harborside Drive, Glen Cove, League City, TX 77565, United States of America",486.0,Harborside Drive,77565,Texas,League City,Galveston County,29.5433486,-95.0465465,,,,,Data processed successfully,10/24/2024 18:39
https://www.lakejamesrentalproperties.com/vacation-rentals/,178 Harborside Dr,"178 Harborside Drive, Belleair, Pinellas County, FL 33756, United States of America",178.0,Harborside Drive,33756,Florida,Belleair,Pinellas County,27.9277662,-82.8186743,,,,,Data processed successfully,10/24/2024 18:39
https://www.lakejamesrentalproperties.com/vacation-rentals/,612 Lake View Hills,"Overland, Missouri, United States of America",,,,Missouri,Overland,Saint Louis County,38.6965396,-90.3543717,,,,,Data processed successfully,10/24/2024 18:39
https://www.lakejamesrentalproperties.com/vacation-rentals/,698 Harborside Drive,"698 Harborside Drive, Galveston, TX 77550, United States of America",698.0,Harborside Drive,77550,Texas,Galveston,Galveston County,29.313707,-94.775557,,,,,Data processed successfully,10/24/2024 18:39
https://www.lakejamesrentalproperties.com/vacation-rentals/,Queens Pond Bee Tree Ave,,,,,,,,,,,,,,Data processed successfully,10/24/2024 18:39
https://www.lakejamesrentalproperties.com/vacation-rentals/,435 Dockside,"435 Dockside Cove, Cherokee County, GA 30189, United States of America",435.0,Dockside Cove,30189,Georgia,,Cherokee County,34.1390328,-84.5976757,,,,,Data processed successfully,10/24/2024 18:39
https://www.lakejamesrentalproperties.com/vacation-rentals/,79 Clear Sail Way,"Clear Sail Way, Oconee County, SC 29679, United States of America",,Clear Sail Way,29679,South Carolina,,Oconee County,34.7416358,-82.9906272,,,,,Data processed successfully,10/24/2024 18:39
https://www.lakejamesrentalproperties.com/vacation-rentals/,1450 Pisgah Preserve,"Pisgah Preserve Drive, McDowell County, NC, United States of America",,Pisgah Preserve Drive,,North Carolina,,McDowell County,35.771295,-81.94013,,,,,Data processed successfully,10/24/2024 18:39
https://www.lakejamesrentalproperties.com/vacation-rentals/,Drug Store Loft suite 201,,,,,,,,,,,,,,Data processed successfully,10/24/2024 18:39
https://www.lakejamesrentalproperties.com/vacation-rentals/,Drug Store Loft suite 202,"Kaarina, Turku, Finland",,,,Varsinais-Suomi,,Turku,60.41667,22.41667,,,,,Data processed successfully,10/24/2024 18:39
https://www.lakejamesrentalproperties.com/vacation-rentals/,Blackberry Creek Cabin near Lake James,"Lake James, Indiana, United States of America",,,,Indiana,Lake James,Steuben County,41.70505,-85.0483,,,,,Data processed successfully,10/24/2024 18:39
https://www.petekey.com/vacation-rentals/results/,,,,,,,,,,,,,$51/night,AVAILABLE NOW,Data processed successfully,10/24/2024 18:30
https://www.petekey.com/vacation-rentals/results/,,,,,,,,,,,,,$60/night,AVAILABLE NOW,Data processed successfully,10/24/2024 18:30
https://www.petekey.com/vacation-rentals/results/,,,,,,,,,,,,,$87/night,AVAILABLE NOW,Data processed successfully,10/24/2024 18:30
https://www.petekey.com/vacation-rentals/results/,,,,,,,,,,,,,$54/night,AVAILABLE NOW,Data processed successfully,10/24/2024 18:30
https://www.petekey.com/vacation-rentals/results/,,,,,,,,,,,,,$150/night,AVAILABLE NOW,Data processed successfully,10/24/2024 18:30
https://www.petekey.com/vacation-rentals/results/,,,,,,,,,,,,,$59/night,AVAILABLE NOW,Data processed successfully,10/24/2024 18:30
https://www.petekey.com/vacation-rentals/results/,,,,,,,,,,,,,$53/night,AVAILABLE NOW,Data processed successfully,10/24/2024 18:30
https://www.petekey.com/vacation-rentals/results/,,,,,,,,,,,,,$49/night,AVAILABLE NOW,Data processed successfully,10/24/2024 18:30
https://www.petekey.com/vacation-rentals/results/,,,,,,,,,,,,,$77/night,AVAILABLE NOW,Data processed successfully,10/24/2024 18:30
https://www.petekey.com/vacation-rentals/results/,,,,,,,,,,,,,$114/night,AVAILABLE NOW,Data processed successfully,10/24/2024 18:30
https://www.petekey.com/vacation-rentals/results/,,,,,,,,,,,,,$96/night,AVAILABLE NOW,Data processed successfully,10/24/2024 18:30
https://www.petekey.com/vacation-rentals/results/,,,,,,,,,,,,,$40/night,AVAILABLE NOW,Data processed successfully,10/24/2024 18:30
https://www.petekey.com/vacation-rentals/results/,,,,,,,,,,,,,$42/night,,Data processed successfully,10/24/2024 18:30
https://www.petekey.com/vacation-rentals/results/,,,,,,,,,,,,,$85/night,AVAILABLE NOW,Data processed successfully,10/24/2024 18:30
https://www.petekey.com/vacation-rentals/results/,,,,,,,,,,,,,$122/night,AVAILABLE NOW,Data processed successfully,10/24/2024 18:30
https://www.petekey.com/vacation-rentals/results/,,,,,,,,,,,,,$65/night,AVAILABLE NOW,Data processed successfully,10/24/2024 18:30
https://www.petekey.com/vacation-rentals/results/,,,,,,,,,,,,,$48/night,AVAILABLE NOW,Data processed successfully,10/24/2024 18:30
https://www.petekey.com/vacation-rentals/results/,,,,,,,,,,,,,$52/night,AVAILABLE NOW,Data processed successfully,10/24/2024 18:30
https://www.petekey.com/vacation-rentals/results/,,,,,,,,,,,,,$94/night,AVAILABLE NOW,Data processed successfully,10/24/2024 18:30
https://www.petekey.com/vacation-rentals/results/,,,,,,,,,,,,,$100/night,AVAILABLE NOW,Data processed successfully,10/24/2024 18:30
https://www.petekey.com/vacation-rentals/results/,,,,,,,,,,,,,$155/night,AVAILABLE NOW,Data processed successfully,10/24/2024 18:30
https://www.petekey.com/vacation-rentals/results/,,,,,,,,,,,,,$119/night,AVAILABLE NOW,Data processed successfully,10/24/2024 18:30
https://www.petekey.com/vacation-rentals/results/,,,,,,,,,,,,,$80/night,AVAILABLE NOW,Data processed successfully,10/24/2024 18:30
https://www.cbkrentals.com/long-term-rentals,"55 S Market Street, unit 213, Asheville, NC 28801","55 South Market Street, Asheville, NC 28801, United States of America",55.0,South Market Street,28801,North Carolina,Asheville,Buncombe County,35.5935682,-82.5502926,,,"$3,200 ",Available 11/01/2024,Data processed successfully,10/24/2024 18:28
https://www.cbkrentals.com/long-term-rentals,"47 Cedar Hill Rd, Hendersonville, NC 28792","E Hill Dr, Hendersonville, NC, United States of America",,E Hill Dr,,North Carolina,Hendersonville,,35.344912,-82.373909,,,"$2,750 ",Available 11/01/2024,Data processed successfully,10/24/2024 18:28
https://www.cbkrentals.com/long-term-rentals,"50 Perspective View Lane, Hendersonville, NC 28792","Perspective View Ln, Hendersonville, NC, United States of America",,Perspective View Ln,,North Carolina,Hendersonville,,35.430808,-82.33959,,,"$2,750 ",Available NOW,Data processed successfully,10/24/2024 18:28
https://www.cbkrentals.com/long-term-rentals,"24 Triple H Drive B, Asheville, NC 28806","Triple H Dr, Asheville, NC, United States of America",,Triple H Dr,,North Carolina,Asheville,,35.553215,-82.629641,,,"$1,800 ",Available NOW,Data processed successfully,10/24/2024 18:28
https://www.pattonallenpm.com/for-rent/,"187 Swannanoa Ave, Asheville, NC 28806","187 Swannanoa Avenue, Asheville, NC 28806, United States of America",187.0,Swannanoa Avenue,28806,North Carolina,Asheville,Buncombe County,35.5718904,-82.576831,,,"$2,500 ",Now,Data processed successfully,10/24/2024 18:26
https://www.pattonallenpm.com/for-rent/,"731 Macedonia Rd, Asheville, NC 28804-9650","731 Macedonia Rd, Asheville, NC, United States of America",731.0,Macedonia Rd,,North Carolina,Asheville,,35.650303,-82.62746,,,"$1,350 ",Now,Data processed successfully,10/24/2024 18:26
https://www.pattonallenpm.com/for-rent/,"33 Starnes Ave Apt 3, Asheville, NC 28801","33 Starnes Avenue, Asheville, NC 28801, United States of America",33.0,Starnes Avenue,28801,North Carolina,Asheville,Buncombe County,35.600014,-82.5571439,,,"$1,325 ",Now,Data processed successfully,10/24/2024 18:26
https://www.pattonallenpm.com/for-rent/,"7 Night Owl Haven, Fletcher, NC 28732","Knight St, Robbinsville, NC, United States of America",,Knight St,,North Carolina,Robbinsville,,35.325381,-83.810758,,,"$2,200 ",12/12/2024,Data processed successfully,10/24/2024 18:26
https://www.pattonallenpm.com/for-rent/,"114.5 Clingman Ave, Asheville, NC 28801","Clingman Avenue, Asheville, NC 28801, United States of America",,Clingman Avenue,28801,North Carolina,Asheville,Buncombe County,35.5932306,-82.5624436,,,"$2,100 ",Now,Data processed successfully,10/24/2024 18:26
https://www.pattonallenpm.com/for-rent/,"11 Jeff Dr, Asheville, NC 28806-8858","11 Jeff Drive, Asheville, NC 28806, United States of America",11.0,Jeff Drive,28806,North Carolina,Asheville,Buncombe County,35.5404693,-82.6007071,,,"$1,450 ",Now,Data processed successfully,10/24/2024 18:26
https://www.pattonallenpm.com/for-rent/,"64 Mildred Ave Unit 1/2, Asheville, NC 28806","64 Mildred Avenue, Asheville, NC 28806, United States of America",64.0,Mildred Avenue,28806,North Carolina,Asheville,Buncombe County,35.5811359,-82.5946201,,,"$1,200 ",Now,Data processed successfully,10/24/2024 18:26
https://www.pattonallenpm.com/for-rent/,"61 Haywood Rd, Asheville, NC 28806","61 Haywood Road, Asheville, NC 28806, United States of America",61.0,Haywood Road,28806,North Carolina,Asheville,Buncombe County,35.5817481,-82.5725234,,,"$3,200 ",Now,Data processed successfully,10/24/2024 18:26
https://www.pattonallenpm.com/for-rent/,"205 Laurel Ridge Road, Asheville, NC 28805","205 Laurel Ridge Rd, Asheville, NC, United States of America",205.0,Laurel Ridge Rd,,North Carolina,Asheville,,35.62871,-82.472821,,,"$3,200 ",11/1/2024,Data processed successfully,10/24/2024 18:26
https://www.pattonallenpm.com/for-rent/,"61 Sevier St, Asheville, NC 28804","61 Sevier Street, Asheville, NC 28804, United States of America",61.0,Sevier Street,28804,North Carolina,Asheville,Buncombe County,35.6153191,-82.562279,,,"$1,850 ",Now,Data processed successfully,10/24/2024 18:26
https://www.pattonallenpm.com/for-rent/,"77 Conestee St, Asheville, NC 28801-1241","77 Conestee Street, Asheville, NC 28801, United States of America",77.0,Conestee Street,28801,North Carolina,Asheville,Buncombe County,35.6122531,-82.5566187,,,"$1,850 ",Now,Data processed successfully,10/24/2024 18:26
https://www.pattonallenpm.com/for-rent/,"55 S Market Street 414, Asheville, NC 28801","S Market St, Asheville, NC, United States of America",,S Market St,,North Carolina,Asheville,,35.59337,-82.55019,,,"$2,800 ",Now,Data processed successfully,10/24/2024 18:26
https://www.pattonallenpm.com/for-rent/,"17 Cole St, Asheville, NC 28803","17 Cole Street, Asheville, NC 28803, United States of America",17.0,Cole Street,28803,North Carolina,Asheville,Buncombe County,35.5704302,-82.5317202,,,"$1,425 ",Now,Data processed successfully,10/24/2024 18:26
https://www.pattonallenpm.com/for-rent/,"142.5 Beaverdam Rd, Asheville, NC 28804","Beaverdam Road, Grace, Asheville, NC 28804, United States of America",,Beaverdam Road,28804,North Carolina,Asheville,Buncombe County,35.6385154,-82.5426311,,,"$1,995 ",Now,Data processed successfully,10/24/2024 18:26
https://www.pattonallenpm.com/for-rent/,"20 Rocking Porch Rd, Asheville, NC 28805","20 Rocking Porch Road, Dogwood Grove, Asheville, NC 28805, United States of America",20.0,Rocking Porch Road,28805,North Carolina,Asheville,Buncombe County,35.5986453,-82.5170561,,,"$1,375 ",Now,Data processed successfully,10/24/2024 18:26
https://www.pattonallenpm.com/for-rent/,"43 Ravenscroft Drive # 1, Asheville, NC 28801","43 Ravenscroft Drive, Asheville, NC 28801, United States of America",43.0,Ravenscroft Drive,28801,North Carolina,Asheville,Buncombe County,35.5908169,-82.5537989,,,"$1,175 ",Now,Data processed successfully,10/24/2024 18:26
https://www.pattonallenpm.com/for-rent/,"37 Skyview Pl #3, Asheville, NC 28804","37 Skyview Place, Asheville, NC 28804, United States of America",37.0,Skyview Place,28804,North Carolina,Asheville,Buncombe County,35.6035348,-82.5416949,,,"$1,250 ",Now,Data processed successfully,10/24/2024 18:26
https://www.pattonallenpm.com/for-rent/,"105 Edwin Pl Apt 5, Asheville, NC 28801-1494","105 Edwin Place, Asheville, NC 28801, United States of America",105.0,Edwin Place,28801,North Carolina,Asheville,Buncombe County,35.611,-82.5493407,,,"$2,400 ",Now,Data processed successfully,10/24/2024 18:26
https://www.pattonallenpm.com/for-rent/,"432 Riverview Dr, Asheville, NC 28806","Riverview Drive, Asheville, NC 28806, United States of America",,Riverview Drive,28806,North Carolina,Asheville,Buncombe County,35.571019,-82.5678798,,,"$2,200 ",Now,Data processed successfully,10/24/2024 18:26
https://www.pattonallenpm.com/for-rent/,"15 Pinedale Rd, Candler, NC 28715","15 Pinedale Rd, Candler, NC, United States of America",15.0,Pinedale Rd,,North Carolina,Candler,,35.561277,-82.652089,,,"$1,395 ",Now,Data processed successfully,10/24/2024 18:26
https://www.pattonallenpm.com/for-rent/,"37 Skyview Pl #6, Asheville, NC 28804","37 Skyview Place, Asheville, NC 28804, United States of America",37.0,Skyview Place,28804,North Carolina,Asheville,Buncombe County,35.6035348,-82.5416949,,,"$1,650 ",Now,Data processed successfully,10/24/2024 18:26
https://www.pattonallenpm.com/for-rent/,"116 East Chestnut Street Apt 32, Asheville, NC 28801","East Chestnut Street, Asheville, NC 28801, United States of America",,East Chestnut Street,28801,North Carolina,Asheville,Buncombe County,35.6029058,-82.5452557,,,"$1,350 ",Now,Data processed successfully,10/24/2024 18:26
https://www.pattonallenpm.com/for-rent/,"1010 Hendersonville Rd Apt 8, Asheville, NC 28803","Hendersonville Road, Asheville, NC 28803, United States of America",,Hendersonville Road,28803,North Carolina,Asheville,Buncombe County,35.5056058,-82.5248708,,,$960 ,Now,Data processed successfully,10/24/2024 18:26
https://www.pattonallenpm.com/for-rent/,"145 Citadel Drive Apt 149G, Cullowhee, NC 28723","Citadel Dr, Cullowhee, NC, United States of America",,Citadel Dr,,North Carolina,Cullowhee,,35.305391,-83.194901,,,"$1,100 ",Now,Data processed successfully,10/24/2024 18:26
https://www.pattonallenpm.com/for-rent/,"93 Citadel Drive Apt 103, Cullowhee, NC 28723","93 Citadel Dr, Cullowhee, NC, United States of America",93.0,Citadel Dr,,North Carolina,Cullowhee,,35.305324,-83.19495,,,"$1,770 ",Now,Data processed successfully,10/24/2024 18:26
https://www.pattonallenpm.com/for-rent/,"24 Union St Unit 1, Asheville, NC 28804","24 Union St, Asheville, NC, United States of America",24.0,Union St,,North Carolina,Asheville,,35.625071,-82.578187,,,"$2,750 ",Now,Data processed successfully,10/24/2024 18:26
https://www.pattonallenpm.com/for-rent/,"567 Caribou Rd, Asheville, NC 28803","Caribou Road, Asheville, NC 28803, United States of America",,Caribou Road,28803,North Carolina,Asheville,Buncombe County,35.5512399,-82.5250146,,,"$1,600 ",Now,Data processed successfully,10/24/2024 18:26
https://www.pattonallenpm.com/for-rent/,"40 Little Martha Ln, Waynesville, NC 28786","Little Ln, Waynesville, NC, United States of America",,Little Ln,,North Carolina,Waynesville,,35.464215,-83.011545,,,"$1,450 ",Now,Data processed successfully,10/24/2024 18:26
https://www.pattonallenpm.com/for-rent/,"1010 Hendersonville Rd Apt 4, Asheville, NC 28803","Hendersonville Road, Asheville, NC 28803, United States of America",,Hendersonville Road,28803,North Carolina,Asheville,Buncombe County,35.5056058,-82.5248708,,,"$2,200 ",Now,Data processed successfully,10/24/2024 18:26
